,Unicode_Char,CodePoint,Codepoint_hexa,composed_char,composed_char_codepoints,composed_char_codepoints_hexa,BetaCode,Description
0,Α,913,U+391,Α,913,U+391,*A,uppercase alpha
1,Ᾰ,8120,U+1FB8,Ᾰ,"913,774",U+391-U+306,*'A,uppercase alpha+short_sign
2,Ᾱ,8121,U+1FB9,Α¯,"913,175",U+391-U+AF,*&A,uppercase alpha+long_sign
3,ᾼ,8124,U+1FBC,ᾼ,"913,837",U+391-U+345,*|A,uppercase alpha+hypogegrammeni
4,Ά,902,U+386,Ά,"913,769",U+391-U+301,*/A,uppercase alpha+oxia
5,Άͅ,902-837,U+386-U+345,Άͅ,"913,769,837",U+391-U+301-U+345,*/|A,uppercase alpha+oxia+hypogegrammeni
6,Ὰ,8122,U+1FBA,Ὰ,"913,768",U+391-U+300,*\A,uppercase alpha+varia
7,Ὰͅ,8122-837,U+1FBA-U+345,Ὰͅ,"913,768,837",U+391-U+300-U+345,*\|A,uppercase alpha+varia+hypogegrammeni
8,Ὰͅ,8122-837,U+1FBA-U+345,Ὰͅ,"913,768,837",U+391-U+300-U+345,*\|A,uppercase alpha+varia+hypogegrammeni
9,Ἀ,7944,U+1F08,Ἀ,"913,787",U+391-U+313,*)A,uppercase alpha+psili
10,ᾈ,8072,U+1F88,ᾈ,"913,787,837",U+391-U+313-U+345,*)|A,uppercase alpha+psili+hypogegrammeni
11,Ἄ,7948,U+1F0C,Ἄ,"913,787,769",U+391-U+313-U+301,*)/A,uppercase alpha+psili+oxia
12,ᾌ,8076,U+1F8C,ᾌ,"913,787,769,837",U+391-U+313-U+301-U+345,*)/A|,uppercase alpha+psili+oxia+hypogegrammeni
13,Ἂ,7946,U+1F0A,Ἂ,"913,787,768",U+391-U+313-U+300,*)\A,uppercase alpha+psili+varia
14,ᾊ,7946-837,U+1F0A-U+345,ᾊ,"913,787,768,837",U+391-U+313-U+300-U+345,*)\A|,uppercase alpha+psili+varia+hypogegrammeni
15,Ἆ,7950,U+1F0E,Ἆ,"913,787,834",U+391-U+313-U+342,*)=A,uppercase alpha+psili+perispomeni
16,ᾎ,8078,U+1F8E,ᾎ,"913,787,834,837",U+391-U+313-U+342-U+345,*)=A|,uppercase alpha+psili+perispomeni+hypogegrammeni
17,Ἁ,7945,U+1F09,Ἁ,"913,788",U+391-U+314,*(A,uppercase alpha+dasia
18,ᾉ,8073,U+1F89,ᾉ,"913,788,837",U+391-U+314-U+345,*(|A,uppercase alpha+dasia+hypogegrammeni
19,Ἅ,7949,U+1F0D,Ἅ,"913,788,769",U+391-U+314-U+301,*(/A,uppercase alpha+dasia+oxia
20,ᾍ,8077,U+1F8D,ᾍ,"913,788,769,837",U+391-U+314-U+301-U+345,*(/A|,uppercase alpha+dasia+oxia+hypogegrammeni
21,Ἃ,7947,U+1F0B,Ἃ,"913,788,768",U+391-U+314-U+300,*(\A,uppercase alpha+dasia+varia
22,ᾋ,7947-837,U+1F0B-U+345,ᾋ,"913,788,768,837",U+391-U+314-U+300-U+345,*(\A|,uppercase alpha+dasia+varia+hypogegrammeni
23,Ἇ,7951,U+1F0F,Ἇ,"913,788,834",U+391-U+314-U+342,*(=A,uppercase alpha+dasia+perispomeni
24,ᾏ,8079,U+1F8F,ᾏ,"913,788,834,837",U+391-U+314-U+342-U+345,*(=A|,uppercase alpha+dasia+perispomeni+hypogegrammeni
25,Β,914,U+392,Β,914,U+392,*B,uppercase beta
26,Γ,915,U+393,Γ,915,U+393,*G,uppercase gamma
27,Δ,916,U+394,Δ,916,U+394,*D,uppercase delta
28,Ε,917,U+395,Ε,917,U+395,*E,uppercase epsilon
29,Έ,904,U+388,Έ,"917,769",U+395-U+301,*/E,uppercase epsilon+oxia
30,Ὲ,8136,U+1FC8,Ὲ,"917,768",U+395-U+300,*\E,uppercase epsilon+varia
31,Ἐ,7960,U+1F18,Ἐ,"917,787",U+395-U+313,*)E,uppercase epsilon+psili
32,Ἔ,7964,U+1F1C,Ἔ,"917,787,769",U+395-U+313-U+301,*)/E,uppercase epsilon+psili+oxia
33,Ἒ,7962,U+1F1A,Ἒ,"917,787,768",U+395-U+313-U+300,*)\E,uppercase epsilon+psili+varia
34,Ἑ,7961,U+1F19,Ἑ,"917,788",U+395-U+314,*(E,uppercase epsilon+dasia
35,Ἕ,7965,U+1F1D,Ἕ,"917,788,769",U+395-U+314-U+301,*(/E,uppercase epsilon+dasia+oxia
36,Ἓ,7963,U+1F1B,Ἓ,"917,788,768",U+395-U+314-U+300,*(\E,uppercase epsilon+dasia+varia
37,Ζ,918,U+396,Ζ,918,U+396,*Z,uppercase zeta
38,Η,919,U+397,Η,919,U+397,*H,uppercase eta
39,ῌ,8140,U+1FCC,ῌ,"919,837",U+397-U+345,*|H,uppercase eta+hypogegrammeni
40,Ή,905,U+389,Ή,"919,769",U+397-U+301,*/H,uppercase eta+oxia
41,Ήͅ,905-837,U+389-U+345,Ήͅ,"919,769,837",U+397-U+301-U+345,*/|H,uppercase eta+oxia+hypogegrammeni
42,Ὴ,8138,U+1FCA,Ὴ,"919,768",U+397-U+300,*\H,uppercase eta+varia
43,Ὴͅ,8138-837,U+1FCA-U+345,Ὴͅ,"919,768,837",U+397-U+300-U+345,*\|H,uppercase eta+varia+hypogegrammeni
44,Ἠ,7976,U+1F28,Ἠ,"919,787",U+397-U+313,*)H,uppercase eta+psili
45,ᾘ,8088,U+1F98,ᾘ,"919,787,837",U+397-U+313-U+345,*)|H,uppercase eta+psili+hypogegrammeni
46,Ἤ,7980,U+1F2C,Ἤ,"919,787,769",U+397-U+313-U+301,*)/H,uppercase eta+psili+oxia
47,ᾜ,8092,U+1F9C,ᾜ,"919,787,769,837",U+397-U+313-U+301-U+345,*)/H|,uppercase eta+psili+oxia+hypogegrammeni
48,Ἢ,7978,U+1F2A,Ἢ,"919,787,768",U+397-U+313-U+300,*)\H,uppercase eta+psili+varia
49,ᾚ,7978-837,U+1F2A-U+345,ᾚ,"919,787,768,837",U+397-U+313-U+300-U+345,*)\H|,uppercase eta+psili+varia+hypogegrammeni
50,Ἡ,7977,U+1F29,Ἡ,"919,788",U+397-U+314,*(H,uppercase eta+dasia
51,ᾙ,8089,U+1F99,ᾙ,"919,788,837",U+397-U+314-U+345,*(|H,uppercase eta+dasia+hypogegrammeni
52,Ἥ,7981,U+1F2D,Ἥ,"919,788,769",U+397-U+314-U+301,*(/H,uppercase eta+dasia+oxia
53,ᾝ,8093,U+1F9D,ᾝ,"919,788,769,837",U+397-U+314-U+301-U+345,*(/H|,uppercase eta+dasia+oxia+hypogegrammeni
54,Ἣ,7979,U+1F2B,Ἣ,"919,788,768",U+397-U+314-U+300,*(\H,uppercase eta+dasia+varia
55,ᾛ,7979-837,U+1F2B-U+345,ᾛ,"919,788,768,837",U+397-U+314-U+300-U+345,*(\H|,uppercase eta+dasia+varia+hypogegrammeni
56,Θ,920,U+398,Θ,920,U+398,*Q,uppercase theta
57,Ι,921,U+399,Ι,921,U+399,*I,uppercase iota
58,Ῐ,8152,U+1FD8,Ῐ,"921,774",U+399-U+306,*'I,uppercase iota+short_sign
59,Ῑ,8153,U+1FD9,Ι¯,"921,175",U+399-U+AF,*&I,uppercase iota+long_sign
60,Ί,906,U+38A,Ί,"921,769",U+399-U+301,*/I,uppercase iota+oxia
61,Ὶ,8154,U+1FDA,Ὶ,"921,768",U+399-U+300,*\I,uppercase iota+varia
62,Ἰ,7992,U+1F38,Ἰ,"921,787",U+399-U+313,*)I,uppercase iota+psili
63,Ἴ,7996,U+1F3C,Ἴ,"921,787,769",U+399-U+313-U+301,*)/I,uppercase iota+psili+oxia
64,Ἲ,7994,U+1F3A,Ἲ,"921,787,768",U+399-U+313-U+300,*)\I,uppercase iota+psili+varia
65,Ἶ,7998,U+1F3E,Ἶ,"921,787,834",U+399-U+313-U+342,*)=I,uppercase iota+psili+perispomeni
66,Ἱ,7993,U+1F39,Ἱ,"921,788",U+399-U+314,*(I,uppercase iota+dasia
67,Ἵ,7997,U+1F3D,Ἵ,"921,788,769",U+399-U+314-U+301,*(/I,uppercase iota+dasia+oxia
68,Ἳ,7995,U+1F3B,Ἳ,"921,788,768",U+399-U+314-U+300,*(\I,uppercase iota+dasia+varia
69,Ἷ,7999,U+1F3F,Ἷ,"921,788,834",U+399-U+314-U+342,*(=I,uppercase iota+dasia+perispomeni
70,Κ,922,U+39A,Κ,922,U+39A,*K,uppercase kappa
71,Λ,923,U+39B,Λ,923,U+39B,*L,uppercase lambda
72,Μ,924,U+39C,Μ,924,U+39C,*M,uppercase mu
73,Ν,925,U+39D,Ν,925,U+39D,*N,uppercase nu
74,Ξ,926,U+39E,Ξ,926,U+39E,*C,uppercase xi
75,Ο,927,U+39F,Ο,927,U+39F,*O,uppercase omicron
76,Ό,908,U+38C,Ό,"927,769",U+39F-U+301,*/O,uppercase omicron+oxia
77,Ὸ,8184,U+1FF8,Ὸ,"927,768",U+39F-U+300,*\O,uppercase omicron+varia
78,Ὀ,8008,U+1F48,Ὀ,"927,787",U+39F-U+313,*)O,uppercase omicron+psili
79,Ὄ,8012,U+1F4C,Ὄ,"927,787,769",U+39F-U+313-U+301,*)/O,uppercase omicron+psili+oxia
80,Ὂ,8010,U+1F4A,Ὂ,"927,787,768",U+39F-U+313-U+300,*)\O,uppercase omicron+psili+varia
81,Ὁ,8009,U+1F49,Ὁ,"927,788",U+39F-U+314,*(O,uppercase omicron+dasia
82,Ὅ,8013,U+1F4D,Ὅ,"927,788,769",U+39F-U+314-U+301,*(/O,uppercase omicron+dasia+oxia
83,Ὃ,8011,U+1F4B,Ὃ,"927,788,768",U+39F-U+314-U+300,*(\O,uppercase omicron+dasia+varia
84,Π,928,U+3A0,Π,928,U+3A0,*P,uppercase pi
85,Ρ,929,U+3A1,Ρ,929,U+3A1,*R,uppercase rho
86,Σ,931,U+3A3,Σ,931,U+3A3,*S,uppercase sigma
87,Τ,932,U+3A4,Τ,932,U+3A4,*T,uppercase tau
88,Υ,933,U+3A5,Υ,933,U+3A5,*U,uppercase upsilon
89,Ῠ,8168,U+1FE8,Ῠ,"933,774",U+3A5-U+306,*'U,uppercase upsilon+short_sign
90,Ῡ,8169,U+1FE9,Υ¯,"933,175",U+3A5-U+AF,*&U,uppercase upsilon+long_sign
91,Ύ,910,U+38E,Ύ,"933,769",U+3A5-U+301,*/U,uppercase upsilon+oxia
92,Ὺ,8170,U+1FEA,Ὺ,"933,768",U+3A5-U+300,*\U,uppercase upsilon+varia
93,Ὑ,8025,U+1F59,Ὑ,"933,788",U+3A5-U+314,*(U,uppercase upsilon+dasia
94,Ὕ,8029,U+1F5D,Ὕ,"933,788,769",U+3A5-U+314-U+301,*(/U,uppercase upsilon+dasia+oxia
95,Ὓ,8027,U+1F5B,Ὓ,"933,788,768",U+3A5-U+314-U+300,*(\U,uppercase upsilon+dasia+varia
96,Ὗ,8031,U+1F5F,Ὗ,"933,788,834",U+3A5-U+314-U+342,*(=U,uppercase upsilon+dasia+perispomeni
97,Φ,934,U+3A6,Φ,934,U+3A6,*F,uppercase phi
98,Χ,935,U+3A7,Χ,935,U+3A7,*X,uppercase chi
99,Ψ,936,U+3A8,Ψ,936,U+3A8,*Y,uppercase psi
100,Ω,937,U+3A9,Ω,937,U+3A9,*W,uppercase omega
101,ῼ,8188,U+1FFC,ῼ,"937,837",U+3A9-U+345,*|W,uppercase omega+hypogegrammeni
102,Ώ,911,U+38F,Ώ,"937,769",U+3A9-U+301,*/W,uppercase omega+oxia
103,Ώͅ,911-837,U+38F-U+345,Ώͅ,"937,769,837",U+3A9-U+301-U+345,*/|W,uppercase omega+oxia+hypogegrammeni
104,Ὼ,8186,U+1FFA,Ὼ,"937,768",U+3A9-U+300,*\W,uppercase omega+varia
105,Ὼͅ,8186-837,U+1FFA-U+345,Ὼͅ,"937,768,837",U+3A9-U+300-U+345,*\|W,uppercase omega+varia+hypogegrammeni
106,Ὠ,8040,U+1F68,Ὠ,"937,787",U+3A9-U+313,*)W,uppercase omega+psili
107,ᾨ,8104,U+1FA8,ᾨ,"937,787,837",U+3A9-U+313-U+345,*)|W,uppercase omega+psili+hypogegrammeni
108,Ὤ,8044,U+1F6C,Ὤ,"937,787,769",U+3A9-U+313-U+301,*)/W,uppercase omega+psili+oxia
109,ᾬ,8108,U+1FAC,ᾬ,"937,787,769,837",U+3A9-U+313-U+301-U+345,*)/W|,uppercase omega+psili+oxia+hypogegrammeni
110,Ὢ,8042,U+1F6A,Ὢ,"937,787,768",U+3A9-U+313-U+300,*)\W,uppercase omega+psili+varia
111,ᾪ,8042-837,U+1F6A-U+345,ᾪ,"937,787,768,837",U+3A9-U+313-U+300-U+345,*)\W|,uppercase omega+psili+varia+hypogegrammeni
112,Ὡ,8041,U+1F69,Ὡ,"937,788",U+3A9-U+314,*(W,uppercase omega+dasia
113,ᾩ,8105,U+1FA9,ᾩ,"937,788,837",U+3A9-U+314-U+345,*(|W,uppercase omega+dasia+hypogegrammeni
114,Ὥ,8045,U+1F6D,Ὥ,"937,788,769",U+3A9-U+314-U+301,*(/W,uppercase omega+dasia+oxia
115,ᾭ,8109,U+1FAD,ᾭ,"937,788,769,837",U+3A9-U+314-U+301-U+345,*(/W|,uppercase omega+dasia+oxia+hypogegrammeni
116,Ὣ,8043,U+1F6B,Ὣ,"937,788,768",U+3A9-U+314-U+300,*(\W,uppercase omega+dasia+varia
117,ᾫ,8043-837,U+1F6B-U+345,ᾫ,"937,788,768,837",U+3A9-U+314-U+300-U+345,*(\W|,uppercase omega+dasia+varia+hypogegrammeni
118,α,945,U+3B1,α,945,U+3B1,A,lowercase alpha
119,ᾰ,8112,U+1FB0,ᾰ,"945,774",U+3B1-U+306,A',lowercase alpha+short_sign
120,ᾱ,8113,U+1FB1,α¯,"945,175",U+3B1-U+AF,A&,lowercase alpha+long_sign
121,ᾳ,8115,U+1FB3,ᾳ,"945,837",U+3B1-U+345,A|,lowercase alpha+hypogegrammeni
122,ά,8049,U+1F71,ά,"945,769",U+3B1-U+301,A/,lowercase alpha+oxia
123,ᾴ,8116,U+1FB4,ᾴ,"945,769,837",U+3B1-U+301-U+345,A/|,lowercase alpha+oxia+hypogegrammeni
124,ὰ,8048,U+1F70,ὰ,"945,768",U+3B1-U+300,A\,lowercase alpha+varia
125,ᾲ,8114,U+1FB2,ᾲ,"945,768,837",U+3B1-U+300-U+345,A\|,lowercase alpha+varia+hypogegrammeni
126,ᾲ,8114,U+1FB2,ᾲ,"945,768,837",U+3B1-U+300-U+345,A\|,lowercase alpha+varia+hypogegrammeni
127,ᾶ,8118,U+1FB6,ᾶ,"945,834",U+3B1-U+342,A=,lowercase alpha+perispomeni
128,ἀ,7936,U+1F00,ἀ,"945,787",U+3B1-U+313,A),lowercase alpha+psili
129,ᾀ,8064,U+1F80,ᾀ,"945,787,837",U+3B1-U+313-U+345,A)|,lowercase alpha+psili+hypogegrammeni
130,ἄ,7940,U+1F04,ἄ,"945,787,769",U+3B1-U+313-U+301,A)/,lowercase alpha+psili+oxia
131,ᾄ,8068,U+1F84,ᾄ,"945,787,769,837",U+3B1-U+313-U+301-U+345,A)/|,lowercase alpha+psili+oxia+hypogegrammeni
132,ἂ,7938,U+1F02,ἂ,"945,787,768",U+3B1-U+313-U+300,A)\,lowercase alpha+psili+varia
133,ᾂ,8066,U+1F82,ᾂ,"945,787,768,837",U+3B1-U+313-U+300-U+345,A)\|,lowercase alpha+psili+varia+hypogegrammeni
134,ἆ,7942,U+1F06,ἆ,"945,787,834",U+3B1-U+313-U+342,A)=,lowercase alpha+psili+perispomeni
135,ᾆ,8070,U+1F86,ἀ󋴕,"945,787,834837",U+3B1-U+313-U+CBD15,A)=|,lowercase alpha+psili+perispomeni+hypogegrammeni
136,ἁ,7937,U+1F01,ἁ,"945,788",U+3B1-U+314,A(,lowercase alpha+dasia
137,ᾁ,8065,U+1F81,ᾁ,"945,788,837",U+3B1-U+314-U+345,A(|,lowercase alpha+dasia+hypogegrammeni
138,ἅ,7941,U+1F05,ἅ,"945,788,769",U+3B1-U+314-U+301,A(/,lowercase alpha+dasia+oxia
139,ᾅ,8069,U+1F85,ᾅ,"945,788,769,837",U+3B1-U+314-U+301-U+345,A(/|,lowercase alpha+dasia+oxia+hypogegrammeni
140,ἃ,7939,U+1F03,ἃ,"945,788,768",U+3B1-U+314-U+300,A(\,lowercase alpha+dasia+varia
141,ᾃ,8067,U+1F83,ᾃ,"945,788,768,837",U+3B1-U+314-U+300-U+345,A(\|,lowercase alpha+dasia+varia+hypogegrammeni
142,ἇ,7943,U+1F07,ἇ,"945,788,834",U+3B1-U+314-U+342,A(=,lowercase alpha+dasia+perispomeni
143,ᾇ,8071,U+1F87,ἁ󋴕,"945,788,834837",U+3B1-U+314-U+CBD15,A(=|,lowercase alpha+dasia+perispomeni+hypogegrammeni
144,β,946,U+3B2,β,946,U+3B2,B,lowercase beta
145,γ,947,U+3B3,γ,947,U+3B3,G,lowercase gamma
146,δ,948,U+3B4,δ,948,U+3B4,D,lowercase delta
147,ε,949,U+3B5,ε,949,U+3B5,E,lowercase epsilon
148,έ,8051,U+1F73,έ,"949,769",U+3B5-U+301,E/,lowercase epsilon+oxia
149,ὲ,8050,U+1F72,ὲ,"949,768",U+3B5-U+300,E\,lowercase epsilon+varia
150,ἐ,7952,U+1F10,ἐ,"949,787",U+3B5-U+313,E),lowercase epsilon+psili
151,ἔ,7956,U+1F14,ἔ,"949,787,769",U+3B5-U+313-U+301,E)/,lowercase epsilon+psili+oxia
152,ἒ,7954,U+1F12,ἒ,"949,787,768",U+3B5-U+313-U+300,E)\,lowercase epsilon+psili+varia
153,ἑ,7953,U+1F11,ἑ,"949,788",U+3B5-U+314,E(,lowercase epsilon+dasia
154,ἕ,7957,U+1F15,ἕ,"949,788,769",U+3B5-U+314-U+301,E(/,lowercase epsilon+dasia+oxia
155,ἓ,7955,U+1F13,ἓ,"949,788,768",U+3B5-U+314-U+300,E(\,lowercase epsilon+dasia+varia
156,ζ,950,U+3B6,ζ,950,U+3B6,Z,lowercase zeta
157,η,951,U+3B7,η,951,U+3B7,H,lowercase eta
158,ῃ,8131,U+1FC3,ῃ,"951,837",U+3B7-U+345,H|,lowercase eta+hypogegrammeni
159,ή,8053,U+1F75,ή,"951,769",U+3B7-U+301,H/,lowercase eta+oxia
160,ῄ,8132,U+1FC4,ῄ,"951,769,837",U+3B7-U+301-U+345,H/|,lowercase eta+oxia+hypogegrammeni
161,ὴ,8052,U+1F74,ὴ,"951,768",U+3B7-U+300,H\,lowercase eta+varia
162,ῂ,8130,U+1FC2,ῂ,"951,768,837",U+3B7-U+300-U+345,H\|,lowercase eta+varia+hypogegrammeni
163,ἠ,7968,U+1F20,ἠ,"951,787",U+3B7-U+313,H),lowercase eta+psili
164,ᾐ,8080,U+1F90,ᾐ,"951,787,837",U+3B7-U+313-U+345,H)|,lowercase eta+psili+hypogegrammeni
165,ἤ,7972,U+1F24,ἤ,"951,787,769",U+3B7-U+313-U+301,H)/,lowercase eta+psili+oxia
166,ᾔ,8084,U+1F94,ᾔ,"951,787,769,837",U+3B7-U+313-U+301-U+345,H)/|,lowercase eta+psili+oxia+hypogegrammeni
167,ἢ,7970,U+1F22,ἢ,"951,787,768",U+3B7-U+313-U+300,H)\,lowercase eta+psili+varia
168,ᾒ,8082,U+1F92,ᾒ,"951,787,768,837",U+3B7-U+313-U+300-U+345,H)\|,lowercase eta+psili+varia+hypogegrammeni
169,ἡ,7969,U+1F21,ἡ,"951,788",U+3B7-U+314,H(,lowercase eta+dasia
170,ᾑ,8081,U+1F91,ᾑ,"951,788,837",U+3B7-U+314-U+345,H(|,lowercase eta+dasia+hypogegrammeni
171,ἥ,7973,U+1F25,ἥ,"951,788,769",U+3B7-U+314-U+301,H(/,lowercase eta+dasia+oxia
172,ᾕ,8085,U+1F95,ᾕ,"951,788,769,837",U+3B7-U+314-U+301-U+345,H(/|,lowercase eta+dasia+oxia+hypogegrammeni
173,ἣ,7971,U+1F23,ἣ,"951,788,768",U+3B7-U+314-U+300,H(\,lowercase eta+dasia+varia
174,ᾓ,8083,U+1F93,ᾓ,"951,788,768,837",U+3B7-U+314-U+300-U+345,H(\|,lowercase eta+dasia+varia+hypogegrammeni
175,θ,952,U+3B8,θ,952,U+3B8,Q,lowercase theta
176,ι,953,U+3B9,ι,953,U+3B9,I,lowercase iota
177,ῐ,8144,U+1FD0,ῐ,"953,774",U+3B9-U+306,I',lowercase iota+short_sign
178,ῑ,8145,U+1FD1,ι¯,"953,175",U+3B9-U+AF,I&,lowercase iota+long_sign
179,ϊ,970,U+3CA,ϊ,"953,776",U+3B9-U+308,I+,lowercase iota+dialytika
180,ί,8055,U+1F77,ί,"953,769",U+3B9-U+301,I/,lowercase iota+oxia
181,ΐ,8147,U+1FD3,󨶩̈,"953769,776",U+E8DA9-U+308,I/+,lowercase iota+oxia+dialytika
182,ὶ,8054,U+1F76,ὶ,"953,768",U+3B9-U+300,I\,lowercase iota+varia
183,ῒ,8146,U+1FD2,󨶨̈,"953768,776",U+E8DA8-U+308,I\+,lowercase iota+varia+dialytika
184,ῖ,8150,U+1FD6,ῖ,"953,834",U+3B9-U+342,I=,lowercase iota+perispomeni
185,ἰ,7984,U+1F30,ἰ,"953,787",U+3B9-U+313,I),lowercase iota+psili
186,ἴ,7988,U+1F34,ἴ,"953,787,769",U+3B9-U+313-U+301,I)/,lowercase iota+psili+oxia
187,ἲ,7986,U+1F32,ἲ,"953,787,768",U+3B9-U+313-U+300,I)\,lowercase iota+psili+varia
188,ἶ,7990,U+1F36,ἶ,"953,787,834",U+3B9-U+313-U+342,I)=,lowercase iota+psili+perispomeni
189,ἱ,7985,U+1F31,ἱ,"953,788",U+3B9-U+314,I(,lowercase iota+dasia
190,ἵ,7989,U+1F35,ἵ,"953,788,769",U+3B9-U+314-U+301,I(/,lowercase iota+dasia+oxia
191,ἳ,7987,U+1F33,ἳ,"953,788,768",U+3B9-U+314-U+300,I(\,lowercase iota+dasia+varia
192,ἷ,7991,U+1F37,ἷ,"953,788,834",U+3B9-U+314-U+342,I(=,lowercase iota+dasia+perispomeni
193,κ,954,U+3BA,κ,954,U+3BA,K,lowercase kappa
194,λ,955,U+3BB,λ,955,U+3BB,L,lowercase lambda
195,μ,956,U+3BC,μ,956,U+3BC,M,lowercase mu
196,ν,957,U+3BD,ν,957,U+3BD,N,lowercase nu
197,ξ,958,U+3BE,ξ,958,U+3BE,C,lowercase xi
198,ο,959,U+3BF,ο,959,U+3BF,O,lowercase omicron
199,ό,8057,U+1F79,ό,"959,769",U+3BF-U+301,O/,lowercase omicron+oxia
200,ὸ,8056,U+1F78,ὸ,"959,768",U+3BF-U+300,O\,lowercase omicron+varia
201,ὀ,8000,U+1F40,ὀ,"959,787",U+3BF-U+313,O),lowercase omicron+psili
202,ὄ,8004,U+1F44,ὄ,"959,787,769",U+3BF-U+313-U+301,O)/,lowercase omicron+psili+oxia
203,ὂ,8002,U+1F42,ὂ,"959,787,768",U+3BF-U+313-U+300,O)\,lowercase omicron+psili+varia
204,ὁ,8001,U+1F41,ὁ,"959,788",U+3BF-U+314,O(,lowercase omicron+dasia
205,ὅ,8005,U+1F45,ὅ,"959,788,769",U+3BF-U+314-U+301,O(/,lowercase omicron+dasia+oxia
206,ὃ,8003,U+1F43,ὃ,"959,788,768",U+3BF-U+314-U+300,O(\,lowercase omicron+dasia+varia
207,π,960,U+3C0,π,960,U+3C0,P,lowercase pi
208,ρ,961,U+3C1,ρ,961,U+3C1,R,lowercase rho
209,ς,962,U+3C2,ς,962,U+3C2,S,lowercase sigma
210,τ,964,U+3C4,τ,964,U+3C4,T,lowercase tau
211,υ,965,U+3C5,υ,965,U+3C5,U,lowercase upsilon
212,ῠ,8160,U+1FE0,ῠ,"965,774",U+3C5-U+306,U',lowercase upsilon+short_sign
213,ῡ,8161,U+1FE1,υ¯,"965,175",U+3C5-U+AF,U&,lowercase upsilon+long_sign
214,ϋ,971,U+3CB,ϋ,"965,776",U+3C5-U+308,U+,lowercase upsilon+dialytika
215,ύ,8059,U+1F7B,ύ,"965,769",U+3C5-U+301,U/,lowercase upsilon+oxia
216,ΰ,8163,U+1FE3,󫲉̈,"965769,776",U+EBC89-U+308,U/+,lowercase upsilon+oxia+dialytika
217,ὺ,8058,U+1F7A,ὺ,"965,768",U+3C5-U+300,U\,lowercase upsilon+varia
218,ῢ,8162,U+1FE2,󫲈̈,"965768,776",U+EBC88-U+308,U\+,lowercase upsilon+varia+dialytika
219,ῦ,8166,U+1FE6,ῦ,"965,834",U+3C5-U+342,U=,lowercase upsilon+perispomeni
220,ὐ,8016,U+1F50,ὐ,"965,787",U+3C5-U+313,U),lowercase upsilon+psili
221,ὔ,8020,U+1F54,ὔ,"965,787,769",U+3C5-U+313-U+301,U)/,lowercase upsilon+psili+oxia
222,ὒ,8018,U+1F52,ὒ,"965,787,768",U+3C5-U+313-U+300,U)\,lowercase upsilon+psili+varia
223,ὖ,8022,U+1F56,ὖ,"965,787,834",U+3C5-U+313-U+342,U)=,lowercase upsilon+psili+perispomeni
224,ὑ,8017,U+1F51,ὑ,"965,788",U+3C5-U+314,U(,lowercase upsilon+dasia
225,ὕ,8021,U+1F55,ὕ,"965,788,769",U+3C5-U+314-U+301,U(/,lowercase upsilon+dasia+oxia
226,ὓ,8019,U+1F53,ὓ,"965,788,768",U+3C5-U+314-U+300,U(\,lowercase upsilon+dasia+varia
227,ὗ,8023,U+1F57,ὗ,"965,788,834",U+3C5-U+314-U+342,U(=,lowercase upsilon+dasia+perispomeni
228,φ,966,U+3C6,φ,966,U+3C6,F,lowercase phi
229,χ,967,U+3C7,χ,967,U+3C7,X,lowercase chi
230,ψ,968,U+3C8,ψ,968,U+3C8,Y,lowercase psi
231,ω,969,U+3C9,ω,969,U+3C9,W,lowercase omega
232,ῳ,8179,U+1FF3,ῳ,"969,837",U+3C9-U+345,W|,lowercase omega+hypogegrammeni
233,ώ,8061,U+1F7D,ώ,"969,769",U+3C9-U+301,W/,lowercase omega+oxia
234,ῴ,8180,U+1FF4,ῴ,"969,769,837",U+3C9-U+301-U+345,W/|,lowercase omega+oxia+hypogegrammeni
235,ὼ,8060,U+1F7C,ὼ,"969,768",U+3C9-U+300,W\,lowercase omega+varia
236,ῲ,8178,U+1FF2,ῲ,"969,768,837",U+3C9-U+300-U+345,W\|,lowercase omega+varia+hypogegrammeni
237,ὠ,8032,U+1F60,ὠ,"969,787",U+3C9-U+313,W),lowercase omega+psili
238,ᾠ,8096,U+1FA0,ᾠ,"969,787,837",U+3C9-U+313-U+345,W)|,lowercase omega+psili+hypogegrammeni
239,ὤ,8036,U+1F64,ὤ,"969,787,769",U+3C9-U+313-U+301,W)/,lowercase omega+psili+oxia
240,ᾤ,8100,U+1FA4,ᾤ,"969,787,769,837",U+3C9-U+313-U+301-U+345,W)/|,lowercase omega+psili+oxia+hypogegrammeni
241,ὢ,8034,U+1F62,ὢ,"969,787,768",U+3C9-U+313-U+300,W)\,lowercase omega+psili+varia
242,ᾢ,8098,U+1FA2,ᾢ,"969,787,768,837",U+3C9-U+313-U+300-U+345,W)\|,lowercase omega+psili+varia+hypogegrammeni
243,ὡ,8033,U+1F61,ὡ,"969,788",U+3C9-U+314,W(,lowercase omega+dasia
244,ᾡ,8097,U+1FA1,ᾡ,"969,788,837",U+3C9-U+314-U+345,W(|,lowercase omega+dasia+hypogegrammeni
245,ὥ,8037,U+1F65,ὥ,"969,788,769",U+3C9-U+314-U+301,W(/,lowercase omega+dasia+oxia
246,ᾥ,8101,U+1FA5,ᾥ,"969,788,769,837",U+3C9-U+314-U+301-U+345,W(/|,lowercase omega+dasia+oxia+hypogegrammeni
247,ὣ,8035,U+1F63,ὣ,"969,788,768",U+3C9-U+314-U+300,W(\,lowercase omega+dasia+varia
248,ᾣ,8099,U+1FA3,ᾣ,"969,788,768,837",U+3C9-U+314-U+300-U+345,W(\|,lowercase omega+dasia+varia+hypogegrammeni
